train/loss_step,epoch,step,val/loss
6.8472771644592285,0,0,
,0,0,7.0208353996276855
